frame,time_s,arrow_right_pct,arrow_left_pct,bullseye_pct
0,0.0,10.0,10.0,
1,0.0167,10.0,10.0,
2,0.0333,10.0,10.0,
3,0.05,10.0,10.0,
4,0.0667,10.0,10.0,
5,0.0833,10.0,10.0,
6,0.1,10.0,10.0,
7,0.1167,10.0,10.0,
8,0.1333,10.0,10.0,
9,0.15,10.0,10.0,
10,0.1667,10.0,10.0,
11,0.1833,10.0,10.0,
12,0.2,10.0,10.0,
13,0.2167,10.0,10.0,
14,0.2333,10.0,10.0,
15,0.25,10.0,10.0,
16,0.2667,10.0,10.0,
17,0.2833,10.0,10.0,
18,0.3,10.0,10.0,
19,0.3167,10.0,10.0,
20,0.3333,10.0,10.0,
21,0.35,10.0,10.0,
22,0.3667,10.0,10.0,
23,0.3833,10.0,10.0,
24,0.4,10.0,10.0,
25,0.4167,10.0,10.0,
26,0.4333,10.0,10.0,
27,0.45,10.0,10.0,
28,0.4667,10.0,10.0,
29,0.4833,10.0,10.0,
30,0.5,10.0,10.0,
31,0.5167,10.0,10.0,
32,0.5333,10.0,10.0,
33,0.55,10.0,10.0,
34,0.5667,10.0,10.0,
35,0.5833,10.0,10.0,
36,0.6,10.0,10.0,
37,0.6167,10.0,10.0,
38,0.6333,10.0,10.0,
39,0.65,10.0,10.0,
40,0.6667,10.0,10.0,
41,0.6833,10.0,10.0,
42,0.7,10.0,10.0,
43,0.7167,10.0,10.0,
44,0.7333,10.0,10.0,
45,0.75,10.0,10.0,
46,0.7667,10.0,10.0,
47,0.7833,10.0,10.0,
48,0.8,10.0,10.0,
49,0.8167,10.0,10.0,
50,0.8333,10.0,10.0,
51,0.85,10.0,10.0,
52,0.8667,10.0,10.0,
53,0.8833,10.0,10.0,
54,0.9,10.0,10.0,
55,0.9167,10.0,10.0,
56,0.9333,10.0,10.0,
57,0.95,10.0,10.0,
58,0.9667,10.0,10.0,
59,0.9833,10.0,10.0,
60,1.0,10.0,10.0,
61,1.0167,10.0,10.0,
62,1.0333,10.13,10.0,
63,1.05,10.52,10.0,
64,1.0667,11.25,10.0,
65,1.0833,12.4,10.0,
66,1.1,14.06,10.0,
67,1.1167,16.04,10.0,
68,1.1333,18.8,10.0,
69,1.15,21.98,10.0,
70,1.1667,25.83,10.0,
71,1.1833,30.0,10.0,
72,1.2,34.69,10.0,
73,1.2167,39.69,10.0,
74,1.2333,44.9,10.0,
75,1.25,50.52,10.0,
76,1.2667,55.52,10.0,
77,1.2833,60.91,10.0,
78,1.3,65.65,10.0,
79,1.3167,70.52,10.0,
80,1.3333,74.56,10.0,
81,1.35,78.33,10.0,
82,1.3667,81.51,10.0,
83,1.3833,84.27,10.0,
84,1.4,86.25,10.0,
85,1.4167,87.81,10.0,
86,1.4333,88.93,10.0,
87,1.45,89.58,10.0,
88,1.4667,89.97,10.0,
89,1.4833,90.1,10.0,
90,1.5,10.0,10.0,
91,1.5167,10.0,10.0,
92,1.5333,10.1,10.0,
93,1.55,10.52,10.0,
94,1.5667,11.22,10.0,
95,1.5833,12.34,10.0,
96,1.6,13.96,10.0,
97,1.6167,16.07,10.0,
98,1.6333,18.75,10.0,
99,1.65,21.98,10.0,
100,1.6667,25.94,10.0,
101,1.6833,30.0,10.0,
102,1.7,34.71,10.0,
103,1.7167,34.71,10.0,
104,1.7333,44.9,10.0,
105,1.75,50.62,10.0,
106,1.7667,55.55,10.0,
107,1.7833,60.7,10.0,
108,1.8,66.12,10.0,
109,1.8167,70.31,10.0,
110,1.8333,74.58,10.0,
111,1.85,78.31,10.0,
112,1.8667,81.48,10.0,
113,1.8833,84.17,10.0,
114,1.9,86.25,10.0,
115,1.9167,87.81,10.0,
116,1.9333,88.93,10.0,
117,1.95,89.58,10.0,
118,1.9667,89.95,10.0,
119,1.9833,90.1,10.0,
120,2.0,10.0,10.0,
121,2.0167,10.0,10.0,
122,2.0333,10.1,10.0,
123,2.05,10.52,10.0,
124,2.0667,11.25,10.0,
125,2.0833,12.29,10.0,
126,2.1,13.96,10.0,
127,2.1167,16.04,10.0,
128,2.1333,18.75,10.0,
129,2.15,21.98,10.0,
130,2.1667,25.78,10.0,
131,2.1833,30.08,10.0,
132,2.2,34.69,10.0,
133,2.2167,39.77,10.0,
134,2.2333,45.21,10.0,
135,2.25,50.18,10.0,
136,2.2667,55.62,10.0,
137,2.2833,60.73,10.0,
138,2.3,65.83,10.0,
139,2.3167,70.31,10.0,
140,2.3333,74.58,10.0,
141,2.35,78.33,10.0,
142,2.3667,81.51,10.0,
143,2.3833,84.17,10.0,
144,2.4,86.25,10.0,
145,2.4167,87.81,10.0,
146,2.4333,88.96,10.0,
147,2.45,89.58,10.0,
148,2.4667,89.95,10.0,
149,2.4833,90.1,10.0,
150,2.5,10.0,10.0,
151,2.5167,10.0,10.0,
152,2.5333,10.1,10.0,
153,2.55,10.52,10.0,
154,2.5667,11.22,10.0,
155,2.5833,12.29,10.0,
156,2.6,13.96,10.0,
157,2.6167,16.04,10.0,
158,2.6333,18.75,10.0,
159,2.65,21.98,10.0,
160,2.6667,25.73,10.0,
161,2.6833,30.1,10.0,
162,2.7,34.69,10.0,
163,2.7167,40.0,10.0,
164,2.7333,45.1,10.0,
165,2.75,50.31,10.0,
166,2.7667,55.62,10.0,
167,2.7833,60.73,10.0,
168,2.8,65.62,10.0,
169,2.8167,70.36,10.0,
170,2.8333,74.56,10.0,
171,2.85,78.33,10.0,
172,2.8667,81.46,10.0,
173,2.8833,84.17,10.0,
174,2.9,86.25,10.0,
175,2.9167,87.92,10.0,
176,2.9333,88.93,10.0,
177,2.95,89.58,10.0,
178,2.9667,89.58,10.0,
179,2.9833,90.1,10.0,
180,3.0,10.0,10.0,
181,3.0167,10.0,10.0,
182,3.0333,10.1,10.0,
183,3.05,10.52,10.0,
184,3.0667,11.22,10.0,
185,3.0833,12.29,10.0,
186,3.1,13.96,10.0,
187,3.1167,16.04,10.0,
188,3.1333,18.75,10.0,
189,3.15,21.98,10.0,
190,3.1667,21.98,10.0,
191,3.1833,30.0,10.0,
192,3.2,35.1,10.0,
193,3.2167,39.69,10.0,
194,3.2333,45.05,10.0,
195,3.25,50.21,10.0,
196,3.2667,55.62,10.0,
197,3.2833,60.7,10.0,
198,3.3,65.73,10.0,
199,3.3167,70.31,10.0,
200,3.3333,74.53,10.0,
201,3.35,78.23,10.0,
202,3.3667,81.67,10.0,
203,3.3833,84.22,10.0,
204,3.4,86.25,10.0,
205,3.4167,87.81,10.0,
206,3.4333,88.96,10.0,
207,3.45,89.58,10.0,
208,3.4667,90.0,10.0,
209,3.4833,90.1,10.0,
210,3.5,90.1,10.0,
211,3.5167,90.1,10.0,
212,3.5333,90.1,10.0,
213,3.55,90.1,10.0,
214,3.5667,90.1,10.0,
215,3.5833,90.1,10.0,
216,3.6,90.1,10.0,
217,3.6167,90.1,10.0,
218,3.6333,90.1,10.0,
219,3.65,90.1,10.0,
220,3.6667,90.1,10.0,
221,3.6833,90.1,10.0,
222,3.7,90.1,10.0,
223,3.7167,90.1,10.0,
224,3.7333,90.1,10.0,
225,3.75,90.1,10.0,
226,3.7667,90.1,10.0,
227,3.7833,90.1,10.0,
228,3.8,90.1,10.0,
229,3.8167,90.1,10.0,
230,3.8333,90.1,10.0,
231,3.85,90.1,10.0,
232,3.8667,90.1,10.0,
233,3.8833,90.1,10.0,
234,3.9,90.1,10.0,
235,3.9167,90.1,10.0,
236,3.9333,90.1,10.0,
237,3.95,90.1,10.0,
238,3.9667,90.1,10.0,
239,3.9833,90.1,10.0,
240,4.0,90.1,10.0,
241,4.0167,90.1,10.0,
242,4.0333,90.1,10.0,
243,4.05,90.1,10.0,
244,4.0667,90.1,10.0,
245,4.0833,90.1,10.0,
246,4.1,90.1,10.0,
247,4.1167,90.1,10.0,
248,4.1333,90.1,10.0,
249,4.15,90.1,10.0,
250,4.1667,90.1,10.0,
251,4.1833,90.1,10.0,
252,4.2,90.1,10.0,
253,4.2167,90.1,10.0,
254,4.2333,90.1,10.0,
255,4.25,90.1,10.0,
256,4.2667,90.1,10.0,
257,4.2833,90.1,10.0,
258,4.3,90.1,10.0,
259,4.3167,90.1,10.0,
260,4.3333,90.1,10.0,
261,4.35,90.1,10.0,
262,4.3667,90.1,10.0,
263,4.3833,90.1,10.0,
264,4.4,90.1,10.0,
265,4.4167,90.1,10.0,
266,4.4333,90.1,10.0,
267,4.45,90.1,10.0,
268,4.4667,90.1,10.0,
269,4.4833,90.1,90.16,
270,4.5,90.1,90.16,
271,4.5167,90.1,90.1,
272,4.5333,90.1,90.0,
273,4.55,90.1,89.58,
274,4.5667,90.1,88.85,
275,4.5833,90.1,87.71,
276,4.6,90.1,86.04,
277,4.6167,90.1,83.65,
278,4.6333,90.1,81.04,
279,4.65,90.1,77.81,
280,4.6667,90.1,73.96,
281,4.6833,90.1,73.96,
282,4.7,90.1,65.0,
283,4.7167,90.1,59.48,
284,4.7333,90.1,54.58,
285,4.75,90.1,49.38,
286,4.7667,90.1,44.06,
287,4.7833,90.1,38.85,
288,4.8,90.1,33.96,
289,4.8167,90.1,29.27,
290,4.8333,90.1,25.21,
291,4.85,90.1,21.51,
292,4.8667,90.1,18.23,
293,4.8833,90.1,15.73,
294,4.9,90.1,13.65,
295,4.9167,90.1,12.19,
296,4.9333,90.1,11.15,
297,4.95,90.1,10.49,
298,4.9667,90.1,10.16,
299,4.9833,90.1,10.05,
300,5.0,90.1,90.16,
301,5.0167,90.1,90.1,
302,5.0333,90.1,89.97,
303,5.05,90.1,89.58,
304,5.0667,90.1,88.83,
305,5.0833,90.1,87.68,
306,5.1,90.1,86.02,
307,5.1167,90.1,83.83,
308,5.1333,90.1,81.04,
309,5.15,90.1,77.76,
310,5.1667,90.1,73.96,
311,5.1833,90.1,69.69,
312,5.2,90.1,64.9,
313,5.2167,90.1,60.0,
314,5.2333,90.1,54.69,
315,5.25,90.1,49.38,
316,5.2667,90.1,43.75,
317,5.2833,90.1,38.85,
318,5.3,90.1,33.96,
319,5.3167,90.1,29.38,
320,5.3333,90.1,25.21,
321,5.35,90.1,21.51,
322,5.3667,90.1,18.33,
323,5.3833,90.1,15.73,
324,5.4,90.1,13.65,
325,5.4167,90.1,12.19,
326,5.4333,90.1,11.15,
327,5.45,90.1,10.47,
328,5.4667,90.1,10.16,
329,5.4833,90.1,10.05,
330,5.5,90.1,90.16,
331,5.5167,90.1,90.1,
332,5.5333,90.1,90.0,
333,5.55,90.1,89.58,
334,5.5667,90.1,88.83,
335,5.5833,90.1,87.68,
336,5.6,90.1,86.02,
337,5.6167,90.1,83.7,
338,5.6333,90.1,81.09,
339,5.65,90.1,77.81,
340,5.6667,90.1,73.96,
341,5.6833,90.1,69.69,
342,5.7,90.1,65.0,
343,5.7167,90.1,59.9,
344,5.7333,90.1,54.37,
345,5.75,90.1,49.17,
346,5.7667,90.1,44.06,
347,5.7833,90.1,38.96,
348,5.8,90.1,33.98,
349,5.8167,90.1,29.38,
350,5.8333,90.1,25.21,
351,5.85,90.1,21.46,
352,5.8667,90.1,18.33,
353,5.8833,90.1,15.73,
354,5.9,90.1,13.75,
355,5.9167,90.1,12.19,
356,5.9333,90.1,11.15,
357,5.95,90.1,10.47,
358,5.9667,90.1,10.16,
359,5.9833,90.1,10.03,
360,6.0,90.1,90.16,
361,6.0167,90.1,90.1,
362,6.0333,90.1,90.0,
363,6.05,90.1,89.58,
364,6.0667,90.1,88.85,
365,6.0833,90.1,87.71,
366,6.1,90.1,86.04,
367,6.1167,90.1,83.72,
368,6.1333,90.1,81.09,
369,6.15,90.1,77.81,
370,6.1667,90.1,73.85,
371,6.1833,90.1,69.58,
372,6.2,90.1,64.84,
373,6.2167,90.1,59.95,
374,6.2333,90.1,54.79,
375,6.25,90.1,49.27,
376,6.2667,90.1,44.11,
377,6.2833,90.1,38.96,
378,6.3,90.1,33.96,
379,6.3167,90.1,29.38,
380,6.3333,90.1,25.21,
381,6.35,90.1,21.46,
382,6.3667,90.1,18.33,
383,6.3833,90.1,15.73,
384,6.4,90.1,13.7,
385,6.4167,90.1,12.19,
386,6.4333,90.1,11.15,
387,6.45,90.1,10.49,
388,6.4667,90.1,10.1,
389,6.4833,90.1,10.0,
390,6.5,90.1,90.16,
391,6.5167,90.1,90.1,
392,6.5333,90.1,90.0,
393,6.55,90.1,89.58,
394,6.5667,90.1,88.85,
395,6.5833,90.1,87.71,
396,6.6,90.1,86.04,
397,6.6167,90.1,83.75,
398,6.6333,90.1,81.09,
399,6.65,90.1,77.81,
400,6.6667,90.1,73.96,
401,6.6833,90.1,69.58,
402,6.7,90.1,64.97,
403,6.7167,90.1,59.95,
404,6.7333,90.1,54.58,
405,6.75,90.1,49.38,
406,6.7667,90.1,44.06,
407,6.7833,90.1,38.85,
408,6.8,90.1,33.96,
409,6.8167,90.1,29.38,
410,6.8333,90.1,25.21,
411,6.85,90.1,21.46,
412,6.8667,90.1,18.33,
413,6.8833,90.1,15.73,
414,6.9,90.1,15.73,
415,6.9167,90.1,12.19,
416,6.9333,90.1,11.04,
417,6.95,90.1,10.47,
418,6.9667,90.1,10.16,
419,6.9833,90.1,10.0,
420,7.0,90.1,10.0,
421,7.0167,90.1,10.0,
422,7.0333,90.1,10.0,
423,7.05,90.1,10.0,
424,7.0667,90.1,10.0,
425,7.0833,90.1,10.0,
426,7.1,90.1,10.0,
427,7.1167,90.1,10.0,
428,7.1333,90.1,10.0,
429,7.15,90.1,10.0,
430,7.1667,90.1,10.0,
431,7.1833,90.1,10.0,
432,7.2,90.1,10.0,
433,7.2167,90.1,10.0,
434,7.2333,90.1,10.0,
435,7.25,90.1,10.0,
436,7.2667,90.1,10.0,
437,7.2833,90.1,10.0,
438,7.3,90.1,10.0,
439,7.3167,90.1,10.0,
440,7.3333,90.1,10.0,
441,7.35,90.1,10.0,
442,7.3667,90.1,10.0,
443,7.3833,90.1,10.0,
444,7.4,90.1,10.0,
445,7.4167,90.1,10.0,
446,7.4333,90.1,10.0,
447,7.45,90.1,10.0,
448,7.4667,90.1,10.0,
449,7.4833,90.1,10.0,
450,7.5,90.1,10.0,
451,7.5167,,,14.77
452,7.5333,,,14.77
453,7.55,,,14.77
454,7.5667,,,14.77
455,7.5833,,,14.77
456,7.6,,,14.77
457,7.6167,,,14.77
458,7.6333,,,14.77
459,7.65,,,14.77
460,7.6667,,,14.77
461,7.6833,,,14.77
462,7.7,,,14.77
463,7.7167,,,14.77
464,7.7333,,,14.77
465,7.75,,,14.77
466,7.7667,,,14.77
467,7.7833,,,14.77
468,7.8,,,14.77
469,7.8167,,,14.77
470,7.8333,,,14.77
471,7.85,,,14.77
472,7.8667,,,14.77
473,7.8833,,,14.77
474,7.9,,,14.77
475,7.9167,,,14.77
476,7.9333,,,14.77
477,7.95,,,14.77
478,7.9667,,,14.77
479,7.9833,,,14.77
480,8.0,,,14.77
481,8.0167,,,14.77
482,8.0333,,,14.77
483,8.05,,,14.77
484,8.0667,,,14.77
485,8.0833,,,14.77
486,8.1,,,14.77
487,8.1167,,,14.77
488,8.1333,,,14.77
489,8.15,,,14.77
490,8.1667,,,8.05
491,8.1833,,,8.05
492,8.2,,,8.05
493,8.2167,,,8.1
494,8.2333,,,8.2
495,8.25,,,8.36
496,8.2667,,,8.65
497,8.2833,,,9.09
498,8.3,,,9.69
499,8.3167,,,10.52
500,8.3333,,,11.54
501,8.35,,,12.81
502,8.3667,,,14.3
503,8.3833,,,16.12
504,8.4,,,18.2
505,8.4167,,,20.52
506,8.4333,,,23.2
507,8.45,,,26.12
508,8.4667,,,29.38
509,8.4833,,,32.81
510,8.5,,,36.67
511,8.5167,,,40.7
512,8.5333,,,45.08
513,8.55,,,49.56
514,8.5667,,,54.37
515,8.5833,,,59.45
516,8.6,,,64.66
517,8.6167,,,70.18
518,8.6333,,,75.31
519,8.65,,,80.81
520,8.6667,,,86.54
521,8.6833,,,91.95
522,8.7,,,86.95
523,8.7167,,,81.3
524,8.7333,,,75.73
525,8.75,,,70.21
526,8.7667,,,64.92
527,8.7833,,,64.92
528,8.8,,,54.69
529,8.8167,,,49.48
530,8.8333,,,45.18
531,8.85,,,40.91
532,8.8667,,,36.72
533,8.8833,,,32.89
534,8.9,,,29.35
535,8.9167,,,26.04
536,8.9333,,,23.02
537,8.95,,,20.34
538,8.9667,,,17.92
539,8.9833,,,15.73
540,9.0,,,13.88
541,9.0167,,,12.4
542,9.0333,,,11.07
543,9.05,,,10.03
544,9.0667,,,9.14
545,9.0833,,,8.54
546,9.1,,,8.05
547,9.1167,,,8.05
548,9.1333,,,8.05
549,9.15,,,8.05
550,9.1667,,,8.05
551,9.1833,,,8.05
552,9.2,,,8.05
553,9.2167,,,8.1
554,9.2333,,,8.2
555,9.25,,,8.36
556,9.2667,,,8.65
557,9.2833,,,9.09
558,9.3,,,9.77
559,9.3167,,,10.52
560,9.3333,,,11.54
561,9.35,,,12.81
562,9.3667,,,14.3
563,9.3833,,,16.12
564,9.4,,,18.15
565,9.4167,,,20.6
566,9.4333,,,23.12
567,9.45,,,26.22
568,9.4667,,,29.48
569,9.4833,,,32.89
570,9.5,,,36.64
571,9.5167,,,40.68
572,9.5333,,,45.08
573,9.55,,,49.66
574,9.5667,,,54.37
575,9.5833,,,59.4
576,9.6,,,64.51
577,9.6167,,,69.87
578,9.6333,,,75.31
579,9.65,,,80.83
580,9.6667,,,86.43
581,9.6833,,,91.95
582,9.7,,,86.59
583,9.7167,,,81.02
584,9.7333,,,75.73
585,9.75,,,70.18
586,9.7667,,,64.97
587,9.7833,,,59.45
588,9.8,,,54.53
589,9.8167,,,49.9
590,9.8333,,,45.29
591,9.85,,,40.91
592,9.8667,,,36.74
593,9.8833,,,32.92
594,9.9,,,29.04
595,9.9167,,,26.04
596,9.9333,,,23.02
597,9.95,,,20.31
598,9.9667,,,17.92
599,9.9833,,,15.7
600,10.0,,,13.98
601,10.0167,,,12.4
602,10.0333,,,11.07
603,10.05,,,10.0
604,10.0667,,,9.17
605,10.0833,,,8.54
606,10.1,,,8.05
607,10.1167,,,8.05
608,10.1333,,,8.05
609,10.15,,,8.05
610,10.1667,,,8.05
611,10.1833,,,8.05
612,10.2,,,8.05
613,10.2167,,,8.1
614,10.2333,,,8.2
615,10.25,,,8.36
616,10.2667,,,8.67
617,10.2833,,,9.09
618,10.3,,,9.71
619,10.3167,,,10.52
620,10.3333,,,11.54
621,10.35,,,12.81
622,10.3667,,,14.3
623,10.3833,,,16.15
624,10.4,,,18.12
625,10.4167,,,20.52
626,10.4333,,,23.23
627,10.45,,,26.12
628,10.4667,,,29.35
629,10.4833,,,32.81
630,10.5,,,36.67
631,10.5167,,,40.73
632,10.5333,,,45.05
633,10.55,,,49.56
634,10.5667,,,54.4
635,10.5833,,,59.35
636,10.6,,,64.51
637,10.6167,,,69.87
638,10.6333,,,75.39
639,10.65,,,80.91
640,10.6667,,,86.43
641,10.6833,,,91.95
642,10.7,,,86.77
643,10.7167,,,81.33
644,10.7333,,,75.73
645,10.75,,,70.1
646,10.7667,,,64.58
647,10.7833,,,59.69
648,10.8,,,54.69
649,10.8167,,,49.66
650,10.8333,,,45.29
651,10.85,,,40.91
652,10.8667,,,36.77
653,10.8833,,,32.89
654,10.9,,,29.35
655,10.9167,,,26.04
656,10.9333,,,22.89
657,10.95,,,20.31
658,10.9667,,,17.81
659,10.9833,,,15.81
660,11.0,,,13.85
661,11.0167,,,12.37
662,11.0333,,,11.12
663,11.05,,,10.03
664,11.0667,,,9.17
665,11.0833,,,8.54
666,11.1,,,8.05
667,11.1167,,,8.05
668,11.1333,,,8.05
669,11.15,,,8.05
670,11.1667,,,8.05
671,11.1833,,,8.05
672,11.2,,,8.05
673,11.2167,,,8.1
674,11.2333,,,8.2
675,11.25,,,8.36
676,11.2667,,,8.65
677,11.2833,,,9.09
678,11.3,,,9.71
679,11.3167,,,10.49
680,11.3333,,,11.54
681,11.35,,,12.84
682,11.3667,,,14.3
683,11.3833,,,16.07
684,11.4,,,18.15
685,11.4167,,,20.52
686,11.4333,,,23.2
687,11.45,,,26.33
688,11.4667,,,29.38
689,11.4833,,,32.81
690,11.5,,,36.67
691,11.5167,,,40.7
692,11.5333,,,45.1
693,11.55,,,49.61
694,11.5667,,,54.37
695,11.5833,,,59.43
696,11.6,,,64.56
697,11.6167,,,69.87
698,11.6333,,,75.29
699,11.65,,,80.83
700,11.6667,,,86.67
701,11.6833,,,91.95
702,11.7,,,86.88
703,11.7167,,,81.33
704,11.7333,,,75.73
705,11.75,,,70.16
706,11.7667,,,64.97
707,11.7833,,,59.69
708,11.8,,,54.77
709,11.8167,,,49.71
710,11.8333,,,45.29
711,11.85,,,40.52
712,11.8667,,,36.8
713,11.8833,,,32.63
714,11.9,,,29.17
715,11.9167,,,25.96
716,11.9333,,,23.05
717,11.95,,,20.34
718,11.9667,,,17.84
719,11.9833,,,15.83
720,12.0,,,13.96
721,12.0167,,,12.42
722,12.0333,,,11.07
723,12.05,,,10.0
724,12.0667,,,9.17
725,12.0833,,,8.54
726,12.1,,,8.05
727,12.1167,,,8.05
728,12.1333,,,8.05
729,12.15,,,8.05
730,12.1667,,,8.05
731,12.1833,,,8.05
732,12.2,,,8.05
733,12.2167,,,8.1
734,12.2333,,,8.2
735,12.25,,,8.36
736,12.2667,,,8.65
737,12.2833,,,9.09
738,12.3,,,9.69
739,12.3167,,,10.52
740,12.3333,,,11.54
741,12.35,,,12.86
742,12.3667,,,14.3
743,12.3833,,,16.07
744,12.4,,,18.31
745,12.4167,,,20.49
746,12.4333,,,23.2
747,12.45,,,26.12
748,12.4667,,,29.35
749,12.4833,,,32.81
750,12.5,,,36.64
751,12.5167,,,40.7
752,12.5333,,,40.7
753,12.55,,,49.58
754,12.5667,,,54.74
755,12.5833,,,59.45
756,12.6,,,64.48
757,12.6167,,,70.1
758,12.6333,,,70.1
759,12.65,,,80.91
760,12.6667,,,87.01
761,12.6833,,,91.95
762,12.7,,,86.85
763,12.7167,,,81.22
764,12.7333,,,75.76
765,12.75,,,70.18
766,12.7667,,,64.9
767,12.7833,,,59.77
768,12.8,,,54.69
769,12.8167,,,49.9
770,12.8333,,,45.31
771,12.85,,,40.83
772,12.8667,,,36.77
773,12.8833,,,32.89
774,12.9,,,29.09
775,12.9167,,,26.04
776,12.9333,,,22.94
777,12.95,,,20.34
778,12.9667,,,17.79
779,12.9833,,,15.83
780,13.0,,,13.96
781,13.0167,,,12.42
782,13.0333,,,11.07
783,13.05,,,10.03
784,13.0667,,,9.17
785,13.0833,,,9.17
786,13.1,,,8.05
787,13.1167,,,8.05
788,13.1333,,,8.05
789,13.15,,,8.05
790,13.1667,,,8.05
791,13.1833,,,8.05
792,13.2,,,8.05
793,13.2167,,,8.1
794,13.2333,,,8.2
795,13.25,,,8.36
796,13.2667,,,8.65
797,13.2833,,,9.11
798,13.3,,,9.69
799,13.3167,,,10.52
800,13.3333,,,11.54
801,13.35,,,12.92
802,13.3667,,,14.27
803,13.3833,,,16.12
804,13.4,,,18.15
805,13.4167,,,20.49
806,13.4333,,,23.2
807,13.45,,,26.15
808,13.4667,,,29.35
809,13.4833,,,32.81
810,13.5,,,36.77
811,13.5167,,,40.7
812,13.5333,,,40.7
813,13.55,,,49.58
814,13.5667,,,54.84
815,13.5833,,,59.35
816,13.6,,,64.56
817,13.6167,,,70.0
818,13.6333,,,75.29
819,13.65,,,81.02
820,13.6667,,,86.43
821,13.6833,,,91.95
822,13.7,,,86.9
823,13.7167,,,81.25
824,13.7333,,,75.73
825,13.75,,,70.23
826,13.7667,,,65.0
827,13.7833,,,59.66
828,13.8,,,54.66
829,13.8167,,,49.87
830,13.8333,,,45.31
831,13.85,,,40.76
832,13.8667,,,36.77
833,13.8833,,,32.92
834,13.9,,,29.24
835,13.9167,,,26.04
836,13.9333,,,23.1
837,13.95,,,20.31
838,13.9667,,,17.92
839,13.9833,,,15.81
840,14.0,,,13.93
841,14.0167,,,12.42
842,14.0333,,,11.04
843,14.05,,,10.03
844,14.0667,,,9.17
845,14.0833,,,8.54
846,14.1,,,8.05
847,14.1167,,,8.05
848,14.1333,,,8.05
849,14.15,,,8.05
850,14.1667,,,8.05
851,14.1833,,,8.05
852,14.2,,,8.05
853,14.2167,,,8.1
854,14.2333,,,8.2
855,14.25,,,8.36
856,14.2667,,,8.36
857,14.2833,,,9.09
858,14.3,,,9.77
859,14.3167,,,10.52
860,14.3333,,,11.56
861,14.35,,,12.79
862,14.3667,,,14.3
863,14.3833,,,16.09
864,14.4,,,18.23
865,14.4167,,,20.49
866,14.4333,,,23.2
867,14.45,,,26.12
868,14.4667,,,29.38
869,14.4833,,,32.81
870,14.5,,,36.56
871,14.5167,,,40.7
872,14.5333,,,45.08
873,14.55,,,49.66
874,14.5667,,,54.37
875,14.5833,,,59.35
876,14.6,,,64.56
877,14.6167,,,69.82
878,14.6333,,,75.29
879,14.65,,,81.22
880,14.6667,,,86.43
881,14.6833,,,91.95
882,14.7,,,86.59
883,14.7167,,,81.33
884,14.7333,,,75.34
885,14.75,,,70.31
886,14.7667,,,64.9
887,14.7833,,,59.69
888,14.8,,,54.74
889,14.8167,,,49.87
890,14.8333,,,45.31
891,14.85,,,40.73
892,14.8667,,,36.64
893,14.8833,,,32.92
894,14.9,,,29.35
895,14.9167,,,26.04
896,14.9333,,,23.02
897,14.95,,,20.31
898,14.9667,,,17.92
899,14.9833,,,15.81
900,15.0,,,13.91
901,15.0167,,,12.4
902,15.0333,,,11.07
903,15.05,,,10.03
904,15.0667,,,9.17
905,15.0833,,,8.54
906,15.1,,,8.05
907,15.1167,,,8.05
908,15.1333,,,8.05
909,15.15,,,8.05
910,15.1667,,,8.05
911,15.1833,,,8.05
912,15.2,,,8.05
913,15.2167,,,8.1
914,15.2333,,,8.2
915,15.25,,,8.36
916,15.2667,,,8.65
917,15.2833,,,9.06
918,15.3,,,9.69
919,15.3167,,,10.57
920,15.3333,,,11.54
921,15.35,,,12.79
922,15.3667,,,14.3
923,15.3833,,,16.17
924,15.4,,,18.28
925,15.4167,,,20.49
926,15.4333,,,23.2
927,15.45,,,26.25
928,15.4667,,,29.45
929,15.4833,,,32.81
930,15.5,,,36.64
931,15.5167,,,40.73
932,15.5333,,,45.03
933,15.55,,,49.61
934,15.5667,,,54.45
935,15.5833,,,59.35
936,15.6,,,64.51
937,15.6167,,,69.84
938,15.6333,,,75.29
939,15.65,,,80.81
940,15.6667,,,86.67
941,15.6833,,,91.95
942,15.7,,,86.56
943,15.7167,,,81.33
944,15.7333,,,75.6
945,15.75,,,70.23
946,15.7667,,,64.95
947,15.7833,,,59.79
948,15.8,,,54.71
949,15.8167,,,49.9
950,15.8333,,,45.31
951,15.85,,,40.65
952,15.8667,,,36.82
953,15.8833,,,32.63
954,15.9,,,29.14
955,15.9167,,,25.7
956,15.9333,,,23.05
957,15.95,,,20.23
958,15.9667,,,17.92
959,15.9833,,,15.81
960,16.0,,,13.96
961,16.0167,,,12.4
962,16.0333,,,11.12
963,16.05,,,10.03
964,16.0667,,,9.14
965,16.0833,,,8.54
966,16.1,,,8.05
967,16.1167,,,8.05
968,16.1333,,,8.05
969,16.15,,,8.05
970,16.1667,,,8.05
971,16.1833,,,8.05
972,16.2,,,8.05
973,16.2167,,,8.1
974,16.2333,,,8.2
975,16.25,,,8.33
976,16.2667,,,8.65
977,16.2833,,,9.09
978,16.3,,,9.69
979,16.3167,,,10.55
980,16.3333,,,11.54
981,16.35,,,12.79
982,16.3667,,,14.3
983,16.3833,,,16.12
984,16.4,,,18.12
985,16.4167,,,20.49
986,16.4333,,,23.15
987,16.45,,,26.12
988,16.4667,,,29.35
989,16.4833,,,32.81
990,16.5,,,36.67
991,16.5167,,,40.7
992,16.5333,,,44.97
993,16.55,,,49.58
994,16.5667,,,49.58
995,16.5833,,,54.27
996,16.6,,,64.92
997,16.6167,,,70.29
998,16.6333,,,75.31
999,16.65,,,75.31
1000,16.6667,,,86.64
1001,16.6833,,,91.95
1002,16.7,,,86.95
1003,16.7167,,,81.33
1004,16.7333,,,75.76
1005,16.75,,,69.97
1006,16.7667,,,65.0
1007,16.7833,,,59.79
1008,16.8,,,54.71
1009,16.8167,,,49.87
1010,16.8333,,,45.29
1011,16.85,,,40.91
1012,16.8667,,,36.74
1013,16.8833,,,32.92
1014,16.9,,,29.27
1015,16.9167,,,26.04
1016,16.9333,,,23.02
1017,16.95,,,20.34
1018,16.9667,,,17.92
1019,16.9833,,,15.81
1020,17.0,,,13.93
1021,17.0167,,,12.4
1022,17.0333,,,11.04
1023,17.05,,,10.03
1024,17.0667,,,9.17
1025,17.0833,,,8.54
1026,17.1,,,8.05
1027,17.1167,,,8.05
1028,17.1333,,,8.05
1029,17.15,,,8.05
1030,17.1667,,,8.05
1031,17.1833,,,8.05
1032,17.2,,,8.05
1033,17.2167,,,8.1
1034,17.2333,,,8.2
1035,17.25,,,8.36
1036,17.2667,,,8.65
1037,17.2833,,,9.09
1038,17.3,,,9.71
1039,17.3167,,,10.52
1040,17.3333,,,11.54
1041,17.35,,,12.81
1042,17.3667,,,14.27
1043,17.3833,,,16.04
1044,17.4,,,18.12
1045,17.4167,,,20.52
1046,17.4333,,,23.15
1047,17.45,,,26.12
1048,17.4667,,,29.35
1049,17.4833,,,32.81
1050,17.5,,,36.67
1051,17.5167,,,40.7
1052,17.5333,,,45.23
1053,17.55,,,49.64
1054,17.5667,,,54.45
1055,17.5833,,,59.27
1056,17.6,,,64.61
1057,17.6167,,,69.84
1058,17.6333,,,75.23
1059,17.65,,,80.81
1060,17.6667,,,86.43
1061,17.6833,,,91.95
1062,17.7,,,86.88
1063,17.7167,,,81.25
1064,17.7333,,,75.81
1065,17.75,,,75.81
1066,17.7667,,,64.97
1067,17.7833,,,59.27
1068,17.8,,,54.77
1069,17.8167,,,49.87
1070,17.8333,,,45.21
1071,17.85,,,40.91
1072,17.8667,,,36.74
1073,17.8833,,,32.71
1074,17.9,,,29.35
1075,17.9167,,,26.04
1076,17.9333,,,23.05
1077,17.95,,,20.31
1078,17.9667,,,20.31
1079,17.9833,,,15.81
1080,18.0,,,13.78
1081,18.0167,,,12.37
1082,18.0333,,,11.04
1083,18.05,,,10.0
1084,18.0667,,,9.17
1085,18.0833,,,8.52
1086,18.1,,,8.05
1087,18.1167,,,8.05
1088,18.1333,,,8.05
1089,18.15,,,8.05
1090,18.1667,,,8.05
1091,18.1833,,,8.05
1092,18.2,,,8.05
1093,18.2167,,,8.05
1094,18.2333,,,8.05
1095,18.25,,,8.05
1096,18.2667,,,8.05
1097,18.2833,,,8.05
1098,18.3,,,8.05
1099,18.3167,,,8.05
1100,18.3333,,,8.05
1101,18.35,,,8.05
1102,18.3667,,,8.05
1103,18.3833,,,8.05
1104,18.4,,,8.05
1105,18.4167,,,8.05
1106,18.4333,,,8.05
1107,18.45,,,8.05
1108,18.4667,,,8.05
1109,18.4833,,,8.05
1110,18.5,,,8.05
1111,18.5167,,,8.05
